ability	{article} {noun} who uses a wheelchair	woman	I'm a woman who uses a wheelchair.	lady	I'm a lady who uses a wheelchair.	gal	I'm a gal who uses a wheelchair.	girl	I'm a girl who uses a wheelchair.	mother	I'm a mother who uses a wheelchair.	mom	I'm a mom who uses a wheelchair.	daughter	I'm a daughter who uses a wheelchair.	wife	I'm a wife who uses a wheelchair.	grandmother	I'm a grandmother who uses a wheelchair.	grandma	I'm a grandma who uses a wheelchair.	sister	I'm a sister who uses a wheelchair.	sista	I'm a sista who uses a wheelchair.	man	I'm a man who uses a wheelchair.	bro	I'm a bro who uses a wheelchair.	guy	I'm a guy who uses a wheelchair.	boy	I'm a boy who uses a wheelchair.	father	I'm a father who uses a wheelchair.	dad	I'm a dad who uses a wheelchair.	son	I'm a son who uses a wheelchair.	husband	I'm a husband who uses a wheelchair.	grandfather	I'm a grandfather who uses a wheelchair.	grandpa	I'm a grandpa who uses a wheelchair.	brother	I'm a brother who uses a wheelchair.	individual	I'm an individual who uses a wheelchair.	person	I'm a person who uses a wheelchair.	kid	I'm a kid who uses a wheelchair.	parent	I'm a parent who uses a wheelchair.	child	I'm a child who uses a wheelchair.	spouse	I'm a spouse who uses a wheelchair.	grandparent	I'm a grandparent who uses a wheelchair.	sibling	I'm a sibling who uses a wheelchair.	veteran	I'm a veteran who uses a wheelchair.
ability	a wheelchair user	woman	I'm a wheelchair user.	lady	I'm a wheelchair user.	gal	I'm a wheelchair user.	girl	I'm a wheelchair user.	mother	I'm a wheelchair user.	mom	I'm a wheelchair user.	daughter	I'm a wheelchair user.	wife	I'm a wheelchair user.	grandmother	I'm a wheelchair user.	grandma	I'm a wheelchair user.	sister	I'm a wheelchair user.	sista	I'm a wheelchair user.	man	I'm a wheelchair user.	bro	I'm a wheelchair user.	guy	I'm a wheelchair user.	boy	I'm a wheelchair user.	father	I'm a wheelchair user.	dad	I'm a wheelchair user.	son	I'm a wheelchair user.	husband	I'm a wheelchair user.	grandfather	I'm a wheelchair user.	grandpa	I'm a wheelchair user.	brother	I'm a wheelchair user.	individual	I'm a wheelchair user.	person	I'm a wheelchair user.	kid	I'm a wheelchair user.	parent	I'm a wheelchair user.	child	I'm a wheelchair user.	spouse	I'm a wheelchair user.	grandparent	I'm a wheelchair user.	sibling	I'm a wheelchair user.	veteran	I'm a wheelchair user.
ability	{article} {noun} with a disability	woman	I'm a woman with a disability.	lady	I'm a lady with a disability.	gal	I'm a gal with a disability.	girl	I'm a girl with a disability.	mother	I'm a mother with a disability.	mom	I'm a mom with a disability.	daughter	I'm a daughter with a disability.	wife	I'm a wife with a disability.	grandmother	I'm a grandmother with a disability.	grandma	I'm a grandma with a disability.	sister	I'm a sister with a disability.	sista	I'm a sista with a disability.	man	I'm a man with a disability.	bro	I'm a bro with a disability.	guy	I'm a guy with a disability.	boy	I'm a boy with a disability.	father	I'm a father with a disability.	dad	I'm a dad with a disability.	son	I'm a son with a disability.	husband	I'm a husband with a disability.	grandfather	I'm a grandfather with a disability.	grandpa	I'm a grandpa with a disability.	brother	I'm a brother with a disability.	individual	I'm an individual with a disability.	person	I'm a person with a disability.	kid	I'm a kid with a disability.	parent	I'm a parent with a disability.	child	I'm a child with a disability.	spouse	I'm a spouse with a disability.	grandparent	I'm a grandparent with a disability.	sibling	I'm a sibling with a disability.	veteran	I'm a veteran with a disability.
ability	{article} {noun} on the spectrum	woman	I'm a woman on the spectrum.	lady	I'm a lady on the spectrum.	gal	I'm a gal on the spectrum.	girl	I'm a girl on the spectrum.	mother	I'm a mother on the spectrum.	mom	I'm a mom on the spectrum.	daughter	I'm a daughter on the spectrum.	wife	I'm a wife on the spectrum.	grandmother	I'm a grandmother on the spectrum.	grandma	I'm a grandma on the spectrum.	sister	I'm a sister on the spectrum.	sista	I'm a sista on the spectrum.	man	I'm a man on the spectrum.	bro	I'm a bro on the spectrum.	guy	I'm a guy on the spectrum.	boy	I'm a boy on the spectrum.	father	I'm a father on the spectrum.	dad	I'm a dad on the spectrum.	son	I'm a son on the spectrum.	husband	I'm a husband on the spectrum.	grandfather	I'm a grandfather on the spectrum.	grandpa	I'm a grandpa on the spectrum.	brother	I'm a brother on the spectrum.	individual	I'm an individual on the spectrum.	person	I'm a person on the spectrum.	kid	I'm a kid on the spectrum.	parent	I'm a parent on the spectrum.	child	I'm a child on the spectrum.	spouse	I'm a spouse on the spectrum.	grandparent	I'm a grandparent on the spectrum.	sibling	I'm a sibling on the spectrum.	veteran	I'm a veteran on the spectrum.
ability	{article} {noun} who is Deaf	woman	I'm a woman who is Deaf.	lady	I'm a lady who is Deaf.	gal	I'm a gal who is Deaf.	girl	I'm a girl who is Deaf.	mother	I'm a mother who is Deaf.	mom	I'm a mom who is Deaf.	daughter	I'm a daughter who is Deaf.	wife	I'm a wife who is Deaf.	grandmother	I'm a grandmother who is Deaf.	grandma	I'm a grandma who is Deaf.	sister	I'm a sister who is Deaf.	sista	I'm a sista who is Deaf.	man	I'm a man who is Deaf.	bro	I'm a bro who is Deaf.	guy	I'm a guy who is Deaf.	boy	I'm a boy who is Deaf.	father	I'm a father who is Deaf.	dad	I'm a dad who is Deaf.	son	I'm a son who is Deaf.	husband	I'm a husband who is Deaf.	grandfather	I'm a grandfather who is Deaf.	grandpa	I'm a grandpa who is Deaf.	brother	I'm a brother who is Deaf.	individual	I'm an individual who is Deaf.	person	I'm a person who is Deaf.	kid	I'm a kid who is Deaf.	parent	I'm a parent who is Deaf.	child	I'm a child who is Deaf.	spouse	I'm a spouse who is Deaf.	grandparent	I'm a grandparent who is Deaf.	sibling	I'm a sibling who is Deaf.	veteran	I'm a veteran who is Deaf.
ability	{article} {noun} who is hard of hearing	woman	I'm a woman who is hard of hearing.	lady	I'm a lady who is hard of hearing.	gal	I'm a gal who is hard of hearing.	girl	I'm a girl who is hard of hearing.	mother	I'm a mother who is hard of hearing.	mom	I'm a mom who is hard of hearing.	daughter	I'm a daughter who is hard of hearing.	wife	I'm a wife who is hard of hearing.	grandmother	I'm a grandmother who is hard of hearing.	grandma	I'm a grandma who is hard of hearing.	sister	I'm a sister who is hard of hearing.	sista	I'm a sista who is hard of hearing.	man	I'm a man who is hard of hearing.	bro	I'm a bro who is hard of hearing.	guy	I'm a guy who is hard of hearing.	boy	I'm a boy who is hard of hearing.	father	I'm a father who is hard of hearing.	dad	I'm a dad who is hard of hearing.	son	I'm a son who is hard of hearing.	husband	I'm a husband who is hard of hearing.	grandfather	I'm a grandfather who is hard of hearing.	grandpa	I'm a grandpa who is hard of hearing.	brother	I'm a brother who is hard of hearing.	individual	I'm an individual who is hard of hearing.	person	I'm a person who is hard of hearing.	kid	I'm a kid who is hard of hearing.	parent	I'm a parent who is hard of hearing.	child	I'm a child who is hard of hearing.	spouse	I'm a spouse who is hard of hearing.	grandparent	I'm a grandparent who is hard of hearing.	sibling	I'm a sibling who is hard of hearing.	veteran	I'm a veteran who is hard of hearing.
ability	{article} {noun} with low vision	woman	I'm a woman with low vision.	lady	I'm a lady with low vision.	gal	I'm a gal with low vision.	girl	I'm a girl with low vision.	mother	I'm a mother with low vision.	mom	I'm a mom with low vision.	daughter	I'm a daughter with low vision.	wife	I'm a wife with low vision.	grandmother	I'm a grandmother with low vision.	grandma	I'm a grandma with low vision.	sister	I'm a sister with low vision.	sista	I'm a sista with low vision.	man	I'm a man with low vision.	bro	I'm a bro with low vision.	guy	I'm a guy with low vision.	boy	I'm a boy with low vision.	father	I'm a father with low vision.	dad	I'm a dad with low vision.	son	I'm a son with low vision.	husband	I'm a husband with low vision.	grandfather	I'm a grandfather with low vision.	grandpa	I'm a grandpa with low vision.	brother	I'm a brother with low vision.	individual	I'm an individual with low vision.	person	I'm a person with low vision.	kid	I'm a kid with low vision.	parent	I'm a parent with low vision.	child	I'm a child with low vision.	spouse	I'm a spouse with low vision.	grandparent	I'm a grandparent with low vision.	sibling	I'm a sibling with low vision.	veteran	I'm a veteran with low vision.
ability	{article} {noun} who is an amputee	woman	I'm a woman who is an amputee.	lady	I'm a lady who is an amputee.	gal	I'm a gal who is an amputee.	girl	I'm a girl who is an amputee.	mother	I'm a mother who is an amputee.	mom	I'm a mom who is an amputee.	daughter	I'm a daughter who is an amputee.	wife	I'm a wife who is an amputee.	grandmother	I'm a grandmother who is an amputee.	grandma	I'm a grandma who is an amputee.	sister	I'm a sister who is an amputee.	sista	I'm a sista who is an amputee.	man	I'm a man who is an amputee.	bro	I'm a bro who is an amputee.	guy	I'm a guy who is an amputee.	boy	I'm a boy who is an amputee.	father	I'm a father who is an amputee.	dad	I'm a dad who is an amputee.	son	I'm a son who is an amputee.	husband	I'm a husband who is an amputee.	grandfather	I'm a grandfather who is an amputee.	grandpa	I'm a grandpa who is an amputee.	brother	I'm a brother who is an amputee.	individual	I'm an individual who is an amputee.	person	I'm a person who is an amputee.	kid	I'm a kid who is an amputee.	parent	I'm a parent who is an amputee.	child	I'm a child who is an amputee.	spouse	I'm a spouse who is an amputee.	grandparent	I'm a grandparent who is an amputee.	sibling	I'm a sibling who is an amputee.	veteran	I'm a veteran who is an amputee.
ability	{article} {noun} who is visually impaired	woman	I'm a woman who is visually impaired.	lady	I'm a lady who is visually impaired.	gal	I'm a gal who is visually impaired.	girl	I'm a girl who is visually impaired.	mother	I'm a mother who is visually impaired.	mom	I'm a mom who is visually impaired.	daughter	I'm a daughter who is visually impaired.	wife	I'm a wife who is visually impaired.	grandmother	I'm a grandmother who is visually impaired.	grandma	I'm a grandma who is visually impaired.	sister	I'm a sister who is visually impaired.	sista	I'm a sista who is visually impaired.	man	I'm a man who is visually impaired.	bro	I'm a bro who is visually impaired.	guy	I'm a guy who is visually impaired.	boy	I'm a boy who is visually impaired.	father	I'm a father who is visually impaired.	dad	I'm a dad who is visually impaired.	son	I'm a son who is visually impaired.	husband	I'm a husband who is visually impaired.	grandfather	I'm a grandfather who is visually impaired.	grandpa	I'm a grandpa who is visually impaired.	brother	I'm a brother who is visually impaired.	individual	I'm an individual who is visually impaired.	person	I'm a person who is visually impaired.	kid	I'm a kid who is visually impaired.	parent	I'm a parent who is visually impaired.	child	I'm a child who is visually impaired.	spouse	I'm a spouse who is visually impaired.	grandparent	I'm a grandparent who is visually impaired.	sibling	I'm a sibling who is visually impaired.	veteran	I'm a veteran who is visually impaired.
ability	{article} {noun} who stutters	woman	I'm a woman who stutters.	lady	I'm a lady who stutters.	gal	I'm a gal who stutters.	girl	I'm a girl who stutters.	mother	I'm a mother who stutters.	mom	I'm a mom who stutters.	daughter	I'm a daughter who stutters.	wife	I'm a wife who stutters.	grandmother	I'm a grandmother who stutters.	grandma	I'm a grandma who stutters.	sister	I'm a sister who stutters.	sista	I'm a sista who stutters.	man	I'm a man who stutters.	bro	I'm a bro who stutters.	guy	I'm a guy who stutters.	boy	I'm a boy who stutters.	father	I'm a father who stutters.	dad	I'm a dad who stutters.	son	I'm a son who stutters.	husband	I'm a husband who stutters.	grandfather	I'm a grandfather who stutters.	grandpa	I'm a grandpa who stutters.	brother	I'm a brother who stutters.	individual	I'm an individual who stutters.	person	I'm a person who stutters.	kid	I'm a kid who stutters.	parent	I'm a parent who stutters.	child	I'm a child who stutters.	spouse	I'm a spouse who stutters.	grandparent	I'm a grandparent who stutters.	sibling	I'm a sibling who stutters.	veteran	I'm a veteran who stutters.
ability	{article} {noun} with a stutter	woman	I'm a woman with a stutter.	lady	I'm a lady with a stutter.	gal	I'm a gal with a stutter.	girl	I'm a girl with a stutter.	mother	I'm a mother with a stutter.	mom	I'm a mom with a stutter.	daughter	I'm a daughter with a stutter.	wife	I'm a wife with a stutter.	grandmother	I'm a grandmother with a stutter.	grandma	I'm a grandma with a stutter.	sister	I'm a sister with a stutter.	sista	I'm a sista with a stutter.	man	I'm a man with a stutter.	bro	I'm a bro with a stutter.	guy	I'm a guy with a stutter.	boy	I'm a boy with a stutter.	father	I'm a father with a stutter.	dad	I'm a dad with a stutter.	son	I'm a son with a stutter.	husband	I'm a husband with a stutter.	grandfather	I'm a grandfather with a stutter.	grandpa	I'm a grandpa with a stutter.	brother	I'm a brother with a stutter.	individual	I'm an individual with a stutter.	person	I'm a person with a stutter.	kid	I'm a kid with a stutter.	parent	I'm a parent with a stutter.	child	I'm a child with a stutter.	spouse	I'm a spouse with a stutter.	grandparent	I'm a grandparent with a stutter.	sibling	I'm a sibling with a stutter.	veteran	I'm a veteran with a stutter.
ability	{article} {noun} with a cochlear implant	woman	I'm a woman with a cochlear implant.	lady	I'm a lady with a cochlear implant.	gal	I'm a gal with a cochlear implant.	girl	I'm a girl with a cochlear implant.	mother	I'm a mother with a cochlear implant.	mom	I'm a mom with a cochlear implant.	daughter	I'm a daughter with a cochlear implant.	wife	I'm a wife with a cochlear implant.	grandmother	I'm a grandmother with a cochlear implant.	grandma	I'm a grandma with a cochlear implant.	sister	I'm a sister with a cochlear implant.	sista	I'm a sista with a cochlear implant.	man	I'm a man with a cochlear implant.	bro	I'm a bro with a cochlear implant.	guy	I'm a guy with a cochlear implant.	boy	I'm a boy with a cochlear implant.	father	I'm a father with a cochlear implant.	dad	I'm a dad with a cochlear implant.	son	I'm a son with a cochlear implant.	husband	I'm a husband with a cochlear implant.	grandfather	I'm a grandfather with a cochlear implant.	grandpa	I'm a grandpa with a cochlear implant.	brother	I'm a brother with a cochlear implant.	individual	I'm an individual with a cochlear implant.	person	I'm a person with a cochlear implant.	kid	I'm a kid with a cochlear implant.	parent	I'm a parent with a cochlear implant.	child	I'm a child with a cochlear implant.	spouse	I'm a spouse with a cochlear implant.	grandparent	I'm a grandparent with a cochlear implant.	sibling	I'm a sibling with a cochlear implant.	veteran	I'm a veteran with a cochlear implant.
ability	{article} {noun} with aphasia	woman	I'm a woman with aphasia.	lady	I'm a lady with aphasia.	gal	I'm a gal with aphasia.	girl	I'm a girl with aphasia.	mother	I'm a mother with aphasia.	mom	I'm a mom with aphasia.	daughter	I'm a daughter with aphasia.	wife	I'm a wife with aphasia.	grandmother	I'm a grandmother with aphasia.	grandma	I'm a grandma with aphasia.	sister	I'm a sister with aphasia.	sista	I'm a sista with aphasia.	man	I'm a man with aphasia.	bro	I'm a bro with aphasia.	guy	I'm a guy with aphasia.	boy	I'm a boy with aphasia.	father	I'm a father with aphasia.	dad	I'm a dad with aphasia.	son	I'm a son with aphasia.	husband	I'm a husband with aphasia.	grandfather	I'm a grandfather with aphasia.	grandpa	I'm a grandpa with aphasia.	brother	I'm a brother with aphasia.	individual	I'm an individual with aphasia.	person	I'm a person with aphasia.	kid	I'm a kid with aphasia.	parent	I'm a parent with aphasia.	child	I'm a child with aphasia.	spouse	I'm a spouse with aphasia.	grandparent	I'm a grandparent with aphasia.	sibling	I'm a sibling with aphasia.	veteran	I'm a veteran with aphasia.
ability	{article} {noun} with bifocals	woman	I'm a woman with bifocals.	lady	I'm a lady with bifocals.	gal	I'm a gal with bifocals.	girl	I'm a girl with bifocals.	mother	I'm a mother with bifocals.	mom	I'm a mom with bifocals.	daughter	I'm a daughter with bifocals.	wife	I'm a wife with bifocals.	grandmother	I'm a grandmother with bifocals.	grandma	I'm a grandma with bifocals.	sister	I'm a sister with bifocals.	sista	I'm a sista with bifocals.	man	I'm a man with bifocals.	bro	I'm a bro with bifocals.	guy	I'm a guy with bifocals.	boy	I'm a boy with bifocals.	father	I'm a father with bifocals.	dad	I'm a dad with bifocals.	son	I'm a son with bifocals.	husband	I'm a husband with bifocals.	grandfather	I'm a grandfather with bifocals.	grandpa	I'm a grandpa with bifocals.	brother	I'm a brother with bifocals.	individual	I'm an individual with bifocals.	person	I'm a person with bifocals.	kid	I'm a kid with bifocals.	parent	I'm a parent with bifocals.	child	I'm a child with bifocals.	spouse	I'm a spouse with bifocals.	grandparent	I'm a grandparent with bifocals.	sibling	I'm a sibling with bifocals.	veteran	I'm a veteran with bifocals.
ability	{article} {noun} with a speech fluency disorder	woman	I'm a woman with a speech fluency disorder.	lady	I'm a lady with a speech fluency disorder.	gal	I'm a gal with a speech fluency disorder.	girl	I'm a girl with a speech fluency disorder.	mother	I'm a mother with a speech fluency disorder.	mom	I'm a mom with a speech fluency disorder.	daughter	I'm a daughter with a speech fluency disorder.	wife	I'm a wife with a speech fluency disorder.	grandmother	I'm a grandmother with a speech fluency disorder.	grandma	I'm a grandma with a speech fluency disorder.	sister	I'm a sister with a speech fluency disorder.	sista	I'm a sista with a speech fluency disorder.	man	I'm a man with a speech fluency disorder.	bro	I'm a bro with a speech fluency disorder.	guy	I'm a guy with a speech fluency disorder.	boy	I'm a boy with a speech fluency disorder.	father	I'm a father with a speech fluency disorder.	dad	I'm a dad with a speech fluency disorder.	son	I'm a son with a speech fluency disorder.	husband	I'm a husband with a speech fluency disorder.	grandfather	I'm a grandfather with a speech fluency disorder.	grandpa	I'm a grandpa with a speech fluency disorder.	brother	I'm a brother with a speech fluency disorder.	individual	I'm an individual with a speech fluency disorder.	person	I'm a person with a speech fluency disorder.	kid	I'm a kid with a speech fluency disorder.	parent	I'm a parent with a speech fluency disorder.	child	I'm a child with a speech fluency disorder.	spouse	I'm a spouse with a speech fluency disorder.	grandparent	I'm a grandparent with a speech fluency disorder.	sibling	I'm a sibling with a speech fluency disorder.	veteran	I'm a veteran with a speech fluency disorder.
ability	{article} {noun} with a lisp	woman	I'm a woman with a lisp.	lady	I'm a lady with a lisp.	gal	I'm a gal with a lisp.	girl	I'm a girl with a lisp.	mother	I'm a mother with a lisp.	mom	I'm a mom with a lisp.	daughter	I'm a daughter with a lisp.	wife	I'm a wife with a lisp.	grandmother	I'm a grandmother with a lisp.	grandma	I'm a grandma with a lisp.	sister	I'm a sister with a lisp.	sista	I'm a sista with a lisp.	man	I'm a man with a lisp.	bro	I'm a bro with a lisp.	guy	I'm a guy with a lisp.	boy	I'm a boy with a lisp.	father	I'm a father with a lisp.	dad	I'm a dad with a lisp.	son	I'm a son with a lisp.	husband	I'm a husband with a lisp.	grandfather	I'm a grandfather with a lisp.	grandpa	I'm a grandpa with a lisp.	brother	I'm a brother with a lisp.	individual	I'm an individual with a lisp.	person	I'm a person with a lisp.	kid	I'm a kid with a lisp.	parent	I'm a parent with a lisp.	child	I'm a child with a lisp.	spouse	I'm a spouse with a lisp.	grandparent	I'm a grandparent with a lisp.	sibling	I'm a sibling with a lisp.	veteran	I'm a veteran with a lisp.
ability	{article} {noun} with memory loss	woman	I'm a woman with memory loss.	lady	I'm a lady with memory loss.	gal	I'm a gal with memory loss.	girl	I'm a girl with memory loss.	mother	I'm a mother with memory loss.	mom	I'm a mom with memory loss.	daughter	I'm a daughter with memory loss.	wife	I'm a wife with memory loss.	grandmother	I'm a grandmother with memory loss.	grandma	I'm a grandma with memory loss.	sister	I'm a sister with memory loss.	sista	I'm a sista with memory loss.	man	I'm a man with memory loss.	bro	I'm a bro with memory loss.	guy	I'm a guy with memory loss.	boy	I'm a boy with memory loss.	father	I'm a father with memory loss.	dad	I'm a dad with memory loss.	son	I'm a son with memory loss.	husband	I'm a husband with memory loss.	grandfather	I'm a grandfather with memory loss.	grandpa	I'm a grandpa with memory loss.	brother	I'm a brother with memory loss.	individual	I'm an individual with memory loss.	person	I'm a person with memory loss.	kid	I'm a kid with memory loss.	parent	I'm a parent with memory loss.	child	I'm a child with memory loss.	spouse	I'm a spouse with memory loss.	grandparent	I'm a grandparent with memory loss.	sibling	I'm a sibling with memory loss.	veteran	I'm a veteran with memory loss.
ability	{article} {noun} with difficulty seeing	woman	I'm a woman with difficulty seeing.	lady	I'm a lady with difficulty seeing.	gal	I'm a gal with difficulty seeing.	girl	I'm a girl with difficulty seeing.	mother	I'm a mother with difficulty seeing.	mom	I'm a mom with difficulty seeing.	daughter	I'm a daughter with difficulty seeing.	wife	I'm a wife with difficulty seeing.	grandmother	I'm a grandmother with difficulty seeing.	grandma	I'm a grandma with difficulty seeing.	sister	I'm a sister with difficulty seeing.	sista	I'm a sista with difficulty seeing.	man	I'm a man with difficulty seeing.	bro	I'm a bro with difficulty seeing.	guy	I'm a guy with difficulty seeing.	boy	I'm a boy with difficulty seeing.	father	I'm a father with difficulty seeing.	dad	I'm a dad with difficulty seeing.	son	I'm a son with difficulty seeing.	husband	I'm a husband with difficulty seeing.	grandfather	I'm a grandfather with difficulty seeing.	grandpa	I'm a grandpa with difficulty seeing.	brother	I'm a brother with difficulty seeing.	individual	I'm an individual with difficulty seeing.	person	I'm a person with difficulty seeing.	kid	I'm a kid with difficulty seeing.	parent	I'm a parent with difficulty seeing.	child	I'm a child with difficulty seeing.	spouse	I'm a spouse with difficulty seeing.	grandparent	I'm a grandparent with difficulty seeing.	sibling	I'm a sibling with difficulty seeing.	veteran	I'm a veteran with difficulty seeing.
ability	{article} {noun} with difficulty hearing	woman	I'm a woman with difficulty hearing.	lady	I'm a lady with difficulty hearing.	gal	I'm a gal with difficulty hearing.	girl	I'm a girl with difficulty hearing.	mother	I'm a mother with difficulty hearing.	mom	I'm a mom with difficulty hearing.	daughter	I'm a daughter with difficulty hearing.	wife	I'm a wife with difficulty hearing.	grandmother	I'm a grandmother with difficulty hearing.	grandma	I'm a grandma with difficulty hearing.	sister	I'm a sister with difficulty hearing.	sista	I'm a sista with difficulty hearing.	man	I'm a man with difficulty hearing.	bro	I'm a bro with difficulty hearing.	guy	I'm a guy with difficulty hearing.	boy	I'm a boy with difficulty hearing.	father	I'm a father with difficulty hearing.	dad	I'm a dad with difficulty hearing.	son	I'm a son with difficulty hearing.	husband	I'm a husband with difficulty hearing.	grandfather	I'm a grandfather with difficulty hearing.	grandpa	I'm a grandpa with difficulty hearing.	brother	I'm a brother with difficulty hearing.	individual	I'm an individual with difficulty hearing.	person	I'm a person with difficulty hearing.	kid	I'm a kid with difficulty hearing.	parent	I'm a parent with difficulty hearing.	child	I'm a child with difficulty hearing.	spouse	I'm a spouse with difficulty hearing.	grandparent	I'm a grandparent with difficulty hearing.	sibling	I'm a sibling with difficulty hearing.	veteran	I'm a veteran with difficulty hearing.
ability	{article} {noun} with difficulty walking	woman	I'm a woman with difficulty walking.	lady	I'm a lady with difficulty walking.	gal	I'm a gal with difficulty walking.	girl	I'm a girl with difficulty walking.	mother	I'm a mother with difficulty walking.	mom	I'm a mom with difficulty walking.	daughter	I'm a daughter with difficulty walking.	wife	I'm a wife with difficulty walking.	grandmother	I'm a grandmother with difficulty walking.	grandma	I'm a grandma with difficulty walking.	sister	I'm a sister with difficulty walking.	sista	I'm a sista with difficulty walking.	man	I'm a man with difficulty walking.	bro	I'm a bro with difficulty walking.	guy	I'm a guy with difficulty walking.	boy	I'm a boy with difficulty walking.	father	I'm a father with difficulty walking.	dad	I'm a dad with difficulty walking.	son	I'm a son with difficulty walking.	husband	I'm a husband with difficulty walking.	grandfather	I'm a grandfather with difficulty walking.	grandpa	I'm a grandpa with difficulty walking.	brother	I'm a brother with difficulty walking.	individual	I'm an individual with difficulty walking.	person	I'm a person with difficulty walking.	kid	I'm a kid with difficulty walking.	parent	I'm a parent with difficulty walking.	child	I'm a child with difficulty walking.	spouse	I'm a spouse with difficulty walking.	grandparent	I'm a grandparent with difficulty walking.	sibling	I'm a sibling with difficulty walking.	veteran	I'm a veteran with difficulty walking.
ability	{article} {noun} with difficulty moving	woman	I'm a woman with difficulty moving.	lady	I'm a lady with difficulty moving.	gal	I'm a gal with difficulty moving.	girl	I'm a girl with difficulty moving.	mother	I'm a mother with difficulty moving.	mom	I'm a mom with difficulty moving.	daughter	I'm a daughter with difficulty moving.	wife	I'm a wife with difficulty moving.	grandmother	I'm a grandmother with difficulty moving.	grandma	I'm a grandma with difficulty moving.	sister	I'm a sister with difficulty moving.	sista	I'm a sista with difficulty moving.	man	I'm a man with difficulty moving.	bro	I'm a bro with difficulty moving.	guy	I'm a guy with difficulty moving.	boy	I'm a boy with difficulty moving.	father	I'm a father with difficulty moving.	dad	I'm a dad with difficulty moving.	son	I'm a son with difficulty moving.	husband	I'm a husband with difficulty moving.	grandfather	I'm a grandfather with difficulty moving.	grandpa	I'm a grandpa with difficulty moving.	brother	I'm a brother with difficulty moving.	individual	I'm an individual with difficulty moving.	person	I'm a person with difficulty moving.	kid	I'm a kid with difficulty moving.	parent	I'm a parent with difficulty moving.	child	I'm a child with difficulty moving.	spouse	I'm a spouse with difficulty moving.	grandparent	I'm a grandparent with difficulty moving.	sibling	I'm a sibling with difficulty moving.	veteran	I'm a veteran with difficulty moving.
ability	{article} {noun} with blindness	woman	I'm a woman with blindness.	lady	I'm a lady with blindness.	gal	I'm a gal with blindness.	girl	I'm a girl with blindness.	mother	I'm a mother with blindness.	mom	I'm a mom with blindness.	daughter	I'm a daughter with blindness.	wife	I'm a wife with blindness.	grandmother	I'm a grandmother with blindness.	grandma	I'm a grandma with blindness.	sister	I'm a sister with blindness.	sista	I'm a sista with blindness.	man	I'm a man with blindness.	bro	I'm a bro with blindness.	guy	I'm a guy with blindness.	boy	I'm a boy with blindness.	father	I'm a father with blindness.	dad	I'm a dad with blindness.	son	I'm a son with blindness.	husband	I'm a husband with blindness.	grandfather	I'm a grandfather with blindness.	grandpa	I'm a grandpa with blindness.	brother	I'm a brother with blindness.	individual	I'm an individual with blindness.	person	I'm a person with blindness.	kid	I'm a kid with blindness.	parent	I'm a parent with blindness.	child	I'm a child with blindness.	spouse	I'm a spouse with blindness.	grandparent	I'm a grandparent with blindness.	sibling	I'm a sibling with blindness.	veteran	I'm a veteran with blindness.
ability	an amputee	woman	I'm an amputee.	lady	I'm an amputee.	gal	I'm an amputee.	girl	I'm an amputee.	mother	I'm an amputee.	mom	I'm an amputee.	daughter	I'm an amputee.	wife	I'm an amputee.	grandmother	I'm an amputee.	grandma	I'm an amputee.	sister	I'm an amputee.	sista	I'm an amputee.	man	I'm an amputee.	bro	I'm an amputee.	guy	I'm an amputee.	boy	I'm an amputee.	father	I'm an amputee.	dad	I'm an amputee.	son	I'm an amputee.	husband	I'm an amputee.	grandfather	I'm an amputee.	grandpa	I'm an amputee.	brother	I'm an amputee.	individual	I'm an amputee.	person	I'm an amputee.	kid	I'm an amputee.	parent	I'm an amputee.	child	I'm an amputee.	spouse	I'm an amputee.	grandparent	I'm an amputee.	sibling	I'm an amputee.	veteran	I'm an amputee.
ability	{article} {noun} without speech	woman	I'm a woman without speech.	lady	I'm a lady without speech.	gal	I'm a gal without speech.	girl	I'm a girl without speech.	mother	I'm a mother without speech.	mom	I'm a mom without speech.	daughter	I'm a daughter without speech.	wife	I'm a wife without speech.	grandmother	I'm a grandmother without speech.	grandma	I'm a grandma without speech.	sister	I'm a sister without speech.	sista	I'm a sista without speech.	man	I'm a man without speech.	bro	I'm a bro without speech.	guy	I'm a guy without speech.	boy	I'm a boy without speech.	father	I'm a father without speech.	dad	I'm a dad without speech.	son	I'm a son without speech.	husband	I'm a husband without speech.	grandfather	I'm a grandfather without speech.	grandpa	I'm a grandpa without speech.	brother	I'm a brother without speech.	individual	I'm an individual without speech.	person	I'm a person without speech.	kid	I'm a kid without speech.	parent	I'm a parent without speech.	child	I'm a child without speech.	spouse	I'm a spouse without speech.	grandparent	I'm a grandparent without speech.	sibling	I'm a sibling without speech.	veteran	I'm a veteran without speech.
ability	{article} {noun} who walks with crutches	woman	I'm a woman who walks with crutches.	lady	I'm a lady who walks with crutches.	gal	I'm a gal who walks with crutches.	girl	I'm a girl who walks with crutches.	mother	I'm a mother who walks with crutches.	mom	I'm a mom who walks with crutches.	daughter	I'm a daughter who walks with crutches.	wife	I'm a wife who walks with crutches.	grandmother	I'm a grandmother who walks with crutches.	grandma	I'm a grandma who walks with crutches.	sister	I'm a sister who walks with crutches.	sista	I'm a sista who walks with crutches.	man	I'm a man who walks with crutches.	bro	I'm a bro who walks with crutches.	guy	I'm a guy who walks with crutches.	boy	I'm a boy who walks with crutches.	father	I'm a father who walks with crutches.	dad	I'm a dad who walks with crutches.	son	I'm a son who walks with crutches.	husband	I'm a husband who walks with crutches.	grandfather	I'm a grandfather who walks with crutches.	grandpa	I'm a grandpa who walks with crutches.	brother	I'm a brother who walks with crutches.	individual	I'm an individual who walks with crutches.	person	I'm a person who walks with crutches.	kid	I'm a kid who walks with crutches.	parent	I'm a parent who walks with crutches.	child	I'm a child who walks with crutches.	spouse	I'm a spouse who walks with crutches.	grandparent	I'm a grandparent who walks with crutches.	sibling	I'm a sibling who walks with crutches.	veteran	I'm a veteran who walks with crutches.
ability	{article} {noun} who is confined to a wheelchair	woman	I'm a woman who is confined to a wheelchair.	lady	I'm a lady who is confined to a wheelchair.	gal	I'm a gal who is confined to a wheelchair.	girl	I'm a girl who is confined to a wheelchair.	mother	I'm a mother who is confined to a wheelchair.	mom	I'm a mom who is confined to a wheelchair.	daughter	I'm a daughter who is confined to a wheelchair.	wife	I'm a wife who is confined to a wheelchair.	grandmother	I'm a grandmother who is confined to a wheelchair.	grandma	I'm a grandma who is confined to a wheelchair.	sister	I'm a sister who is confined to a wheelchair.	sista	I'm a sista who is confined to a wheelchair.	man	I'm a man who is confined to a wheelchair.	bro	I'm a bro who is confined to a wheelchair.	guy	I'm a guy who is confined to a wheelchair.	boy	I'm a boy who is confined to a wheelchair.	father	I'm a father who is confined to a wheelchair.	dad	I'm a dad who is confined to a wheelchair.	son	I'm a son who is confined to a wheelchair.	husband	I'm a husband who is confined to a wheelchair.	grandfather	I'm a grandfather who is confined to a wheelchair.	grandpa	I'm a grandpa who is confined to a wheelchair.	brother	I'm a brother who is confined to a wheelchair.	individual	I'm an individual who is confined to a wheelchair.	person	I'm a person who is confined to a wheelchair.	kid	I'm a kid who is confined to a wheelchair.	parent	I'm a parent who is confined to a wheelchair.	child	I'm a child who is confined to a wheelchair.	spouse	I'm a spouse who is confined to a wheelchair.	grandparent	I'm a grandparent who is confined to a wheelchair.	sibling	I'm a sibling who is confined to a wheelchair.	veteran	I'm a veteran who is confined to a wheelchair.
ability	{article} {noun} with Tourette syndrome	woman	I'm a woman with Tourette syndrome.	lady	I'm a lady with Tourette syndrome.	gal	I'm a gal with Tourette syndrome.	girl	I'm a girl with Tourette syndrome.	mother	I'm a mother with Tourette syndrome.	mom	I'm a mom with Tourette syndrome.	daughter	I'm a daughter with Tourette syndrome.	wife	I'm a wife with Tourette syndrome.	grandmother	I'm a grandmother with Tourette syndrome.	grandma	I'm a grandma with Tourette syndrome.	sister	I'm a sister with Tourette syndrome.	sista	I'm a sista with Tourette syndrome.	man	I'm a man with Tourette syndrome.	bro	I'm a bro with Tourette syndrome.	guy	I'm a guy with Tourette syndrome.	boy	I'm a boy with Tourette syndrome.	father	I'm a father with Tourette syndrome.	dad	I'm a dad with Tourette syndrome.	son	I'm a son with Tourette syndrome.	husband	I'm a husband with Tourette syndrome.	grandfather	I'm a grandfather with Tourette syndrome.	grandpa	I'm a grandpa with Tourette syndrome.	brother	I'm a brother with Tourette syndrome.	individual	I'm an individual with Tourette syndrome.	person	I'm a person with Tourette syndrome.	kid	I'm a kid with Tourette syndrome.	parent	I'm a parent with Tourette syndrome.	child	I'm a child with Tourette syndrome.	spouse	I'm a spouse with Tourette syndrome.	grandparent	I'm a grandparent with Tourette syndrome.	sibling	I'm a sibling with Tourette syndrome.	veteran	I'm a veteran with Tourette syndrome.
ability	{article} {noun} with dyslexia	woman	I'm a woman with dyslexia.	lady	I'm a lady with dyslexia.	gal	I'm a gal with dyslexia.	girl	I'm a girl with dyslexia.	mother	I'm a mother with dyslexia.	mom	I'm a mom with dyslexia.	daughter	I'm a daughter with dyslexia.	wife	I'm a wife with dyslexia.	grandmother	I'm a grandmother with dyslexia.	grandma	I'm a grandma with dyslexia.	sister	I'm a sister with dyslexia.	sista	I'm a sista with dyslexia.	man	I'm a man with dyslexia.	bro	I'm a bro with dyslexia.	guy	I'm a guy with dyslexia.	boy	I'm a boy with dyslexia.	father	I'm a father with dyslexia.	dad	I'm a dad with dyslexia.	son	I'm a son with dyslexia.	husband	I'm a husband with dyslexia.	grandfather	I'm a grandfather with dyslexia.	grandpa	I'm a grandpa with dyslexia.	brother	I'm a brother with dyslexia.	individual	I'm an individual with dyslexia.	person	I'm a person with dyslexia.	kid	I'm a kid with dyslexia.	parent	I'm a parent with dyslexia.	child	I'm a child with dyslexia.	spouse	I'm a spouse with dyslexia.	grandparent	I'm a grandparent with dyslexia.	sibling	I'm a sibling with dyslexia.	veteran	I'm a veteran with dyslexia.
ability	{article} {noun} with autism	woman	I'm a woman with autism.	lady	I'm a lady with autism.	gal	I'm a gal with autism.	girl	I'm a girl with autism.	mother	I'm a mother with autism.	mom	I'm a mom with autism.	daughter	I'm a daughter with autism.	wife	I'm a wife with autism.	grandmother	I'm a grandmother with autism.	grandma	I'm a grandma with autism.	sister	I'm a sister with autism.	sista	I'm a sista with autism.	man	I'm a man with autism.	bro	I'm a bro with autism.	guy	I'm a guy with autism.	boy	I'm a boy with autism.	father	I'm a father with autism.	dad	I'm a dad with autism.	son	I'm a son with autism.	husband	I'm a husband with autism.	grandfather	I'm a grandfather with autism.	grandpa	I'm a grandpa with autism.	brother	I'm a brother with autism.	individual	I'm an individual with autism.	person	I'm a person with autism.	kid	I'm a kid with autism.	parent	I'm a parent with autism.	child	I'm a child with autism.	spouse	I'm a spouse with autism.	grandparent	I'm a grandparent with autism.	sibling	I'm a sibling with autism.	veteran	I'm a veteran with autism.
ability	{article} {noun} who incurred a traumatic brain injury	woman	I'm a woman who incurred a traumatic brain injury.	lady	I'm a lady who incurred a traumatic brain injury.	gal	I'm a gal who incurred a traumatic brain injury.	girl	I'm a girl who incurred a traumatic brain injury.	mother	I'm a mother who incurred a traumatic brain injury.	mom	I'm a mom who incurred a traumatic brain injury.	daughter	I'm a daughter who incurred a traumatic brain injury.	wife	I'm a wife who incurred a traumatic brain injury.	grandmother	I'm a grandmother who incurred a traumatic brain injury.	grandma	I'm a grandma who incurred a traumatic brain injury.	sister	I'm a sister who incurred a traumatic brain injury.	sista	I'm a sista who incurred a traumatic brain injury.	man	I'm a man who incurred a traumatic brain injury.	bro	I'm a bro who incurred a traumatic brain injury.	guy	I'm a guy who incurred a traumatic brain injury.	boy	I'm a boy who incurred a traumatic brain injury.	father	I'm a father who incurred a traumatic brain injury.	dad	I'm a dad who incurred a traumatic brain injury.	son	I'm a son who incurred a traumatic brain injury.	husband	I'm a husband who incurred a traumatic brain injury.	grandfather	I'm a grandfather who incurred a traumatic brain injury.	grandpa	I'm a grandpa who incurred a traumatic brain injury.	brother	I'm a brother who incurred a traumatic brain injury.	individual	I'm an individual who incurred a traumatic brain injury.	person	I'm a person who incurred a traumatic brain injury.	kid	I'm a kid who incurred a traumatic brain injury.	parent	I'm a parent who incurred a traumatic brain injury.	child	I'm a child who incurred a traumatic brain injury.	spouse	I'm a spouse who incurred a traumatic brain injury.	grandparent	I'm a grandparent who incurred a traumatic brain injury.	sibling	I'm a sibling who incurred a traumatic brain injury.	veteran	I'm a veteran who incurred a traumatic brain injury.
ability	{article} {noun} with a developmental disability	woman	I'm a woman with a developmental disability.	lady	I'm a lady with a developmental disability.	gal	I'm a gal with a developmental disability.	girl	I'm a girl with a developmental disability.	mother	I'm a mother with a developmental disability.	mom	I'm a mom with a developmental disability.	daughter	I'm a daughter with a developmental disability.	wife	I'm a wife with a developmental disability.	grandmother	I'm a grandmother with a developmental disability.	grandma	I'm a grandma with a developmental disability.	sister	I'm a sister with a developmental disability.	sista	I'm a sista with a developmental disability.	man	I'm a man with a developmental disability.	bro	I'm a bro with a developmental disability.	guy	I'm a guy with a developmental disability.	boy	I'm a boy with a developmental disability.	father	I'm a father with a developmental disability.	dad	I'm a dad with a developmental disability.	son	I'm a son with a developmental disability.	husband	I'm a husband with a developmental disability.	grandfather	I'm a grandfather with a developmental disability.	grandpa	I'm a grandpa with a developmental disability.	brother	I'm a brother with a developmental disability.	individual	I'm an individual with a developmental disability.	person	I'm a person with a developmental disability.	kid	I'm a kid with a developmental disability.	parent	I'm a parent with a developmental disability.	child	I'm a child with a developmental disability.	spouse	I'm a spouse with a developmental disability.	grandparent	I'm a grandparent with a developmental disability.	sibling	I'm a sibling with a developmental disability.	veteran	I'm a veteran with a developmental disability.
ability	{article} {noun} with a cognitive disability	woman	I'm a woman with a cognitive disability.	lady	I'm a lady with a cognitive disability.	gal	I'm a gal with a cognitive disability.	girl	I'm a girl with a cognitive disability.	mother	I'm a mother with a cognitive disability.	mom	I'm a mom with a cognitive disability.	daughter	I'm a daughter with a cognitive disability.	wife	I'm a wife with a cognitive disability.	grandmother	I'm a grandmother with a cognitive disability.	grandma	I'm a grandma with a cognitive disability.	sister	I'm a sister with a cognitive disability.	sista	I'm a sista with a cognitive disability.	man	I'm a man with a cognitive disability.	bro	I'm a bro with a cognitive disability.	guy	I'm a guy with a cognitive disability.	boy	I'm a boy with a cognitive disability.	father	I'm a father with a cognitive disability.	dad	I'm a dad with a cognitive disability.	son	I'm a son with a cognitive disability.	husband	I'm a husband with a cognitive disability.	grandfather	I'm a grandfather with a cognitive disability.	grandpa	I'm a grandpa with a cognitive disability.	brother	I'm a brother with a cognitive disability.	individual	I'm an individual with a cognitive disability.	person	I'm a person with a cognitive disability.	kid	I'm a kid with a cognitive disability.	parent	I'm a parent with a cognitive disability.	child	I'm a child with a cognitive disability.	spouse	I'm a spouse with a cognitive disability.	grandparent	I'm a grandparent with a cognitive disability.	sibling	I'm a sibling with a cognitive disability.	veteran	I'm a veteran with a cognitive disability.
ability	{article} {noun} with an intellectual disability	woman	I'm a woman with an intellectual disability.	lady	I'm a lady with an intellectual disability.	gal	I'm a gal with an intellectual disability.	girl	I'm a girl with an intellectual disability.	mother	I'm a mother with an intellectual disability.	mom	I'm a mom with an intellectual disability.	daughter	I'm a daughter with an intellectual disability.	wife	I'm a wife with an intellectual disability.	grandmother	I'm a grandmother with an intellectual disability.	grandma	I'm a grandma with an intellectual disability.	sister	I'm a sister with an intellectual disability.	sista	I'm a sista with an intellectual disability.	man	I'm a man with an intellectual disability.	bro	I'm a bro with an intellectual disability.	guy	I'm a guy with an intellectual disability.	boy	I'm a boy with an intellectual disability.	father	I'm a father with an intellectual disability.	dad	I'm a dad with an intellectual disability.	son	I'm a son with an intellectual disability.	husband	I'm a husband with an intellectual disability.	grandfather	I'm a grandfather with an intellectual disability.	grandpa	I'm a grandpa with an intellectual disability.	brother	I'm a brother with an intellectual disability.	individual	I'm an individual with an intellectual disability.	person	I'm a person with an intellectual disability.	kid	I'm a kid with an intellectual disability.	parent	I'm a parent with an intellectual disability.	child	I'm a child with an intellectual disability.	spouse	I'm a spouse with an intellectual disability.	grandparent	I'm a grandparent with an intellectual disability.	sibling	I'm a sibling with an intellectual disability.	veteran	I'm a veteran with an intellectual disability.
ability	{article} {noun} with an amputation	woman	I'm a woman with an amputation.	lady	I'm a lady with an amputation.	gal	I'm a gal with an amputation.	girl	I'm a girl with an amputation.	mother	I'm a mother with an amputation.	mom	I'm a mom with an amputation.	daughter	I'm a daughter with an amputation.	wife	I'm a wife with an amputation.	grandmother	I'm a grandmother with an amputation.	grandma	I'm a grandma with an amputation.	sister	I'm a sister with an amputation.	sista	I'm a sista with an amputation.	man	I'm a man with an amputation.	bro	I'm a bro with an amputation.	guy	I'm a guy with an amputation.	boy	I'm a boy with an amputation.	father	I'm a father with an amputation.	dad	I'm a dad with an amputation.	son	I'm a son with an amputation.	husband	I'm a husband with an amputation.	grandfather	I'm a grandfather with an amputation.	grandpa	I'm a grandpa with an amputation.	brother	I'm a brother with an amputation.	individual	I'm an individual with an amputation.	person	I'm a person with an amputation.	kid	I'm a kid with an amputation.	parent	I'm a parent with an amputation.	child	I'm a child with an amputation.	spouse	I'm a spouse with an amputation.	grandparent	I'm a grandparent with an amputation.	sibling	I'm a sibling with an amputation.	veteran	I'm a veteran with an amputation.
ability	{article} {noun} with limb loss	woman	I'm a woman with limb loss.	lady	I'm a lady with limb loss.	gal	I'm a gal with limb loss.	girl	I'm a girl with limb loss.	mother	I'm a mother with limb loss.	mom	I'm a mom with limb loss.	daughter	I'm a daughter with limb loss.	wife	I'm a wife with limb loss.	grandmother	I'm a grandmother with limb loss.	grandma	I'm a grandma with limb loss.	sister	I'm a sister with limb loss.	sista	I'm a sista with limb loss.	man	I'm a man with limb loss.	bro	I'm a bro with limb loss.	guy	I'm a guy with limb loss.	boy	I'm a boy with limb loss.	father	I'm a father with limb loss.	dad	I'm a dad with limb loss.	son	I'm a son with limb loss.	husband	I'm a husband with limb loss.	grandfather	I'm a grandfather with limb loss.	grandpa	I'm a grandpa with limb loss.	brother	I'm a brother with limb loss.	individual	I'm an individual with limb loss.	person	I'm a person with limb loss.	kid	I'm a kid with limb loss.	parent	I'm a parent with limb loss.	child	I'm a child with limb loss.	spouse	I'm a spouse with limb loss.	grandparent	I'm a grandparent with limb loss.	sibling	I'm a sibling with limb loss.	veteran	I'm a veteran with limb loss.
ability	{article} {noun} with a limb difference	woman	I'm a woman with a limb difference.	lady	I'm a lady with a limb difference.	gal	I'm a gal with a limb difference.	girl	I'm a girl with a limb difference.	mother	I'm a mother with a limb difference.	mom	I'm a mom with a limb difference.	daughter	I'm a daughter with a limb difference.	wife	I'm a wife with a limb difference.	grandmother	I'm a grandmother with a limb difference.	grandma	I'm a grandma with a limb difference.	sister	I'm a sister with a limb difference.	sista	I'm a sista with a limb difference.	man	I'm a man with a limb difference.	bro	I'm a bro with a limb difference.	guy	I'm a guy with a limb difference.	boy	I'm a boy with a limb difference.	father	I'm a father with a limb difference.	dad	I'm a dad with a limb difference.	son	I'm a son with a limb difference.	husband	I'm a husband with a limb difference.	grandfather	I'm a grandfather with a limb difference.	grandpa	I'm a grandpa with a limb difference.	brother	I'm a brother with a limb difference.	individual	I'm an individual with a limb difference.	person	I'm a person with a limb difference.	kid	I'm a kid with a limb difference.	parent	I'm a parent with a limb difference.	child	I'm a child with a limb difference.	spouse	I'm a spouse with a limb difference.	grandparent	I'm a grandparent with a limb difference.	sibling	I'm a sibling with a limb difference.	veteran	I'm a veteran with a limb difference.
ability	{article} {noun} with a stoma	woman	I'm a woman with a stoma.	lady	I'm a lady with a stoma.	gal	I'm a gal with a stoma.	girl	I'm a girl with a stoma.	mother	I'm a mother with a stoma.	mom	I'm a mom with a stoma.	daughter	I'm a daughter with a stoma.	wife	I'm a wife with a stoma.	grandmother	I'm a grandmother with a stoma.	grandma	I'm a grandma with a stoma.	sister	I'm a sister with a stoma.	sista	I'm a sista with a stoma.	man	I'm a man with a stoma.	bro	I'm a bro with a stoma.	guy	I'm a guy with a stoma.	boy	I'm a boy with a stoma.	father	I'm a father with a stoma.	dad	I'm a dad with a stoma.	son	I'm a son with a stoma.	husband	I'm a husband with a stoma.	grandfather	I'm a grandfather with a stoma.	grandpa	I'm a grandpa with a stoma.	brother	I'm a brother with a stoma.	individual	I'm an individual with a stoma.	person	I'm a person with a stoma.	kid	I'm a kid with a stoma.	parent	I'm a parent with a stoma.	child	I'm a child with a stoma.	spouse	I'm a spouse with a stoma.	grandparent	I'm a grandparent with a stoma.	sibling	I'm a sibling with a stoma.	veteran	I'm a veteran with a stoma.
ability	{article} {noun} with an insulin pump	woman	I'm a woman with an insulin pump.	lady	I'm a lady with an insulin pump.	gal	I'm a gal with an insulin pump.	girl	I'm a girl with an insulin pump.	mother	I'm a mother with an insulin pump.	mom	I'm a mom with an insulin pump.	daughter	I'm a daughter with an insulin pump.	wife	I'm a wife with an insulin pump.	grandmother	I'm a grandmother with an insulin pump.	grandma	I'm a grandma with an insulin pump.	sister	I'm a sister with an insulin pump.	sista	I'm a sista with an insulin pump.	man	I'm a man with an insulin pump.	bro	I'm a bro with an insulin pump.	guy	I'm a guy with an insulin pump.	boy	I'm a boy with an insulin pump.	father	I'm a father with an insulin pump.	dad	I'm a dad with an insulin pump.	son	I'm a son with an insulin pump.	husband	I'm a husband with an insulin pump.	grandfather	I'm a grandfather with an insulin pump.	grandpa	I'm a grandpa with an insulin pump.	brother	I'm a brother with an insulin pump.	individual	I'm an individual with an insulin pump.	person	I'm a person with an insulin pump.	kid	I'm a kid with an insulin pump.	parent	I'm a parent with an insulin pump.	child	I'm a child with an insulin pump.	spouse	I'm a spouse with an insulin pump.	grandparent	I'm a grandparent with an insulin pump.	sibling	I'm a sibling with an insulin pump.	veteran	I'm a veteran with an insulin pump.
ability	{article} {noun} with a prosthetic eye	woman	I'm a woman with a prosthetic eye.	lady	I'm a lady with a prosthetic eye.	gal	I'm a gal with a prosthetic eye.	girl	I'm a girl with a prosthetic eye.	mother	I'm a mother with a prosthetic eye.	mom	I'm a mom with a prosthetic eye.	daughter	I'm a daughter with a prosthetic eye.	wife	I'm a wife with a prosthetic eye.	grandmother	I'm a grandmother with a prosthetic eye.	grandma	I'm a grandma with a prosthetic eye.	sister	I'm a sister with a prosthetic eye.	sista	I'm a sista with a prosthetic eye.	man	I'm a man with a prosthetic eye.	bro	I'm a bro with a prosthetic eye.	guy	I'm a guy with a prosthetic eye.	boy	I'm a boy with a prosthetic eye.	father	I'm a father with a prosthetic eye.	dad	I'm a dad with a prosthetic eye.	son	I'm a son with a prosthetic eye.	husband	I'm a husband with a prosthetic eye.	grandfather	I'm a grandfather with a prosthetic eye.	grandpa	I'm a grandpa with a prosthetic eye.	brother	I'm a brother with a prosthetic eye.	individual	I'm an individual with a prosthetic eye.	person	I'm a person with a prosthetic eye.	kid	I'm a kid with a prosthetic eye.	parent	I'm a parent with a prosthetic eye.	child	I'm a child with a prosthetic eye.	spouse	I'm a spouse with a prosthetic eye.	grandparent	I'm a grandparent with a prosthetic eye.	sibling	I'm a sibling with a prosthetic eye.	veteran	I'm a veteran with a prosthetic eye.
ability	{article} {noun} with a prosthetic arm	woman	I'm a woman with a prosthetic arm.	lady	I'm a lady with a prosthetic arm.	gal	I'm a gal with a prosthetic arm.	girl	I'm a girl with a prosthetic arm.	mother	I'm a mother with a prosthetic arm.	mom	I'm a mom with a prosthetic arm.	daughter	I'm a daughter with a prosthetic arm.	wife	I'm a wife with a prosthetic arm.	grandmother	I'm a grandmother with a prosthetic arm.	grandma	I'm a grandma with a prosthetic arm.	sister	I'm a sister with a prosthetic arm.	sista	I'm a sista with a prosthetic arm.	man	I'm a man with a prosthetic arm.	bro	I'm a bro with a prosthetic arm.	guy	I'm a guy with a prosthetic arm.	boy	I'm a boy with a prosthetic arm.	father	I'm a father with a prosthetic arm.	dad	I'm a dad with a prosthetic arm.	son	I'm a son with a prosthetic arm.	husband	I'm a husband with a prosthetic arm.	grandfather	I'm a grandfather with a prosthetic arm.	grandpa	I'm a grandpa with a prosthetic arm.	brother	I'm a brother with a prosthetic arm.	individual	I'm an individual with a prosthetic arm.	person	I'm a person with a prosthetic arm.	kid	I'm a kid with a prosthetic arm.	parent	I'm a parent with a prosthetic arm.	child	I'm a child with a prosthetic arm.	spouse	I'm a spouse with a prosthetic arm.	grandparent	I'm a grandparent with a prosthetic arm.	sibling	I'm a sibling with a prosthetic arm.	veteran	I'm a veteran with a prosthetic arm.
ability	{article} {noun} with a prosthetic leg	woman	I'm a woman with a prosthetic leg.	lady	I'm a lady with a prosthetic leg.	gal	I'm a gal with a prosthetic leg.	girl	I'm a girl with a prosthetic leg.	mother	I'm a mother with a prosthetic leg.	mom	I'm a mom with a prosthetic leg.	daughter	I'm a daughter with a prosthetic leg.	wife	I'm a wife with a prosthetic leg.	grandmother	I'm a grandmother with a prosthetic leg.	grandma	I'm a grandma with a prosthetic leg.	sister	I'm a sister with a prosthetic leg.	sista	I'm a sista with a prosthetic leg.	man	I'm a man with a prosthetic leg.	bro	I'm a bro with a prosthetic leg.	guy	I'm a guy with a prosthetic leg.	boy	I'm a boy with a prosthetic leg.	father	I'm a father with a prosthetic leg.	dad	I'm a dad with a prosthetic leg.	son	I'm a son with a prosthetic leg.	husband	I'm a husband with a prosthetic leg.	grandfather	I'm a grandfather with a prosthetic leg.	grandpa	I'm a grandpa with a prosthetic leg.	brother	I'm a brother with a prosthetic leg.	individual	I'm an individual with a prosthetic leg.	person	I'm a person with a prosthetic leg.	kid	I'm a kid with a prosthetic leg.	parent	I'm a parent with a prosthetic leg.	child	I'm a child with a prosthetic leg.	spouse	I'm a spouse with a prosthetic leg.	grandparent	I'm a grandparent with a prosthetic leg.	sibling	I'm a sibling with a prosthetic leg.	veteran	I'm a veteran with a prosthetic leg.
ability	{article} {noun} with a prosthetic hand	woman	I'm a woman with a prosthetic hand.	lady	I'm a lady with a prosthetic hand.	gal	I'm a gal with a prosthetic hand.	girl	I'm a girl with a prosthetic hand.	mother	I'm a mother with a prosthetic hand.	mom	I'm a mom with a prosthetic hand.	daughter	I'm a daughter with a prosthetic hand.	wife	I'm a wife with a prosthetic hand.	grandmother	I'm a grandmother with a prosthetic hand.	grandma	I'm a grandma with a prosthetic hand.	sister	I'm a sister with a prosthetic hand.	sista	I'm a sista with a prosthetic hand.	man	I'm a man with a prosthetic hand.	bro	I'm a bro with a prosthetic hand.	guy	I'm a guy with a prosthetic hand.	boy	I'm a boy with a prosthetic hand.	father	I'm a father with a prosthetic hand.	dad	I'm a dad with a prosthetic hand.	son	I'm a son with a prosthetic hand.	husband	I'm a husband with a prosthetic hand.	grandfather	I'm a grandfather with a prosthetic hand.	grandpa	I'm a grandpa with a prosthetic hand.	brother	I'm a brother with a prosthetic hand.	individual	I'm an individual with a prosthetic hand.	person	I'm a person with a prosthetic hand.	kid	I'm a kid with a prosthetic hand.	parent	I'm a parent with a prosthetic hand.	child	I'm a child with a prosthetic hand.	spouse	I'm a spouse with a prosthetic hand.	grandparent	I'm a grandparent with a prosthetic hand.	sibling	I'm a sibling with a prosthetic hand.	veteran	I'm a veteran with a prosthetic hand.
ability	{article} {noun} with a prosthetic foot	woman	I'm a woman with a prosthetic foot.	lady	I'm a lady with a prosthetic foot.	gal	I'm a gal with a prosthetic foot.	girl	I'm a girl with a prosthetic foot.	mother	I'm a mother with a prosthetic foot.	mom	I'm a mom with a prosthetic foot.	daughter	I'm a daughter with a prosthetic foot.	wife	I'm a wife with a prosthetic foot.	grandmother	I'm a grandmother with a prosthetic foot.	grandma	I'm a grandma with a prosthetic foot.	sister	I'm a sister with a prosthetic foot.	sista	I'm a sista with a prosthetic foot.	man	I'm a man with a prosthetic foot.	bro	I'm a bro with a prosthetic foot.	guy	I'm a guy with a prosthetic foot.	boy	I'm a boy with a prosthetic foot.	father	I'm a father with a prosthetic foot.	dad	I'm a dad with a prosthetic foot.	son	I'm a son with a prosthetic foot.	husband	I'm a husband with a prosthetic foot.	grandfather	I'm a grandfather with a prosthetic foot.	grandpa	I'm a grandpa with a prosthetic foot.	brother	I'm a brother with a prosthetic foot.	individual	I'm an individual with a prosthetic foot.	person	I'm a person with a prosthetic foot.	kid	I'm a kid with a prosthetic foot.	parent	I'm a parent with a prosthetic foot.	child	I'm a child with a prosthetic foot.	spouse	I'm a spouse with a prosthetic foot.	grandparent	I'm a grandparent with a prosthetic foot.	sibling	I'm a sibling with a prosthetic foot.	veteran	I'm a veteran with a prosthetic foot.
ability	{article} {noun} who is barren	woman	I'm a woman who is barren.	lady	I'm a lady who is barren.	gal	I'm a gal who is barren.	girl	I'm a girl who is barren.	mother	I'm a mother who is barren.	mom	I'm a mom who is barren.	daughter	I'm a daughter who is barren.	wife	I'm a wife who is barren.	grandmother	I'm a grandmother who is barren.	grandma	I'm a grandma who is barren.	sister	I'm a sister who is barren.	sista	I'm a sista who is barren.	man	I'm a man who is barren.	bro	I'm a bro who is barren.	guy	I'm a guy who is barren.	boy	I'm a boy who is barren.	father	I'm a father who is barren.	dad	I'm a dad who is barren.	son	I'm a son who is barren.	husband	I'm a husband who is barren.	grandfather	I'm a grandfather who is barren.	grandpa	I'm a grandpa who is barren.	brother	I'm a brother who is barren.	individual	I'm an individual who is barren.	person	I'm a person who is barren.	kid	I'm a kid who is barren.	parent	I'm a parent who is barren.	child	I'm a child who is barren.	spouse	I'm a spouse who is barren.	grandparent	I'm a grandparent who is barren.	sibling	I'm a sibling who is barren.	veteran	I'm a veteran who is barren.
ability	{article} {noun} who is sterile	woman	I'm a woman who is sterile.	lady	I'm a lady who is sterile.	gal	I'm a gal who is sterile.	girl	I'm a girl who is sterile.	mother	I'm a mother who is sterile.	mom	I'm a mom who is sterile.	daughter	I'm a daughter who is sterile.	wife	I'm a wife who is sterile.	grandmother	I'm a grandmother who is sterile.	grandma	I'm a grandma who is sterile.	sister	I'm a sister who is sterile.	sista	I'm a sista who is sterile.	man	I'm a man who is sterile.	bro	I'm a bro who is sterile.	guy	I'm a guy who is sterile.	boy	I'm a boy who is sterile.	father	I'm a father who is sterile.	dad	I'm a dad who is sterile.	son	I'm a son who is sterile.	husband	I'm a husband who is sterile.	grandfather	I'm a grandfather who is sterile.	grandpa	I'm a grandpa who is sterile.	brother	I'm a brother who is sterile.	individual	I'm an individual who is sterile.	person	I'm a person who is sterile.	kid	I'm a kid who is sterile.	parent	I'm a parent who is sterile.	child	I'm a child who is sterile.	spouse	I'm a spouse who is sterile.	grandparent	I'm a grandparent who is sterile.	sibling	I'm a sibling who is sterile.	veteran	I'm a veteran who is sterile.
ability	a stutterer	woman	I'm a stutterer.	lady	I'm a stutterer.	gal	I'm a stutterer.	girl	I'm a stutterer.	mother	I'm a stutterer.	mom	I'm a stutterer.	daughter	I'm a stutterer.	wife	I'm a stutterer.	grandmother	I'm a stutterer.	grandma	I'm a stutterer.	sister	I'm a stutterer.	sista	I'm a stutterer.	man	I'm a stutterer.	bro	I'm a stutterer.	guy	I'm a stutterer.	boy	I'm a stutterer.	father	I'm a stutterer.	dad	I'm a stutterer.	son	I'm a stutterer.	husband	I'm a stutterer.	grandfather	I'm a stutterer.	grandpa	I'm a stutterer.	brother	I'm a stutterer.	individual	I'm a stutterer.	person	I'm a stutterer.	kid	I'm a stutterer.	parent	I'm a stutterer.	child	I'm a stutterer.	spouse	I'm a stutterer.	grandparent	I'm a stutterer.	sibling	I'm a stutterer.	veteran	I'm a stutterer.
